case_id,image_path,audio_path,caption,transcript,image_generator,audio_generator,ground_truth_case,split
TL_001_AUTH,C:\Users\Shrid\BNB26_Orvexa_Internal_Round\data\scaled_variations\img\case_001_clean.jpg,C:\Users\Shrid\BNB26_Orvexa_Internal_Round\data\real_audio_E\LIBRI_001.wav,Forensic sample 001.,Audio recording 001.,None,None,AUTHENTIC,test
TL_002_AUTH,C:\Users\Shrid\BNB26_Orvexa_Internal_Round\data\scaled_variations\img\case_002_compress.jpg,C:\Users\Shrid\BNB26_Orvexa_Internal_Round\data\real_audio_E\LIBRI_002.wav,Forensic sample 002.,Audio recording 002.,None,None,AUTHENTIC,test
TL_003_AUTH,C:\Users\Shrid\BNB26_Orvexa_Internal_Round\data\scaled_variations\img\case_003_blur.jpg,C:\Users\Shrid\BNB26_Orvexa_Internal_Round\data\real_audio_E\LIBRI_003.wav,Forensic sample 003.,Audio recording 003.,None,None,AUTHENTIC,test
TL_004_AUTH,C:\Users\Shrid\BNB26_Orvexa_Internal_Round\data\scaled_variations\img\case_004_clean.jpg,C:\Users\Shrid\BNB26_Orvexa_Internal_Round\data\real_audio_E\LIBRI_1272_128104_0000.wav,Forensic sample 004.,Audio recording 004.,None,None,AUTHENTIC,test
TL_005_AUTH,C:\Users\Shrid\BNB26_Orvexa_Internal_Round\data\scaled_variations\img\case_005_compress.jpg,C:\Users\Shrid\BNB26_Orvexa_Internal_Round\data\real_audio_E\LIBRI_1272_128104_0001.wav,Forensic sample 005.,Audio recording 005.,None,None,AUTHENTIC,test
TL_006_AUTH,C:\Users\Shrid\BNB26_Orvexa_Internal_Round\data\scaled_variations\img\case_006_blur.jpg,C:\Users\Shrid\BNB26_Orvexa_Internal_Round\data\real_audio_E\LIBRI_1272_128104_0002.wav,Forensic sample 006.,Audio recording 006.,None,None,AUTHENTIC,test
TL_007_AUTH,C:\Users\Shrid\BNB26_Orvexa_Internal_Round\data\scaled_variations\img\case_007_clean.jpg,C:\Users\Shrid\BNB26_Orvexa_Internal_Round\data\real_audio_E\LIBRI_1272_128104_0003.wav,Forensic sample 007.,Audio recording 007.,None,None,AUTHENTIC,test
TL_008_AUTH,C:\Users\Shrid\BNB26_Orvexa_Internal_Round\data\scaled_variations\img\case_008_compress.jpg,C:\Users\Shrid\BNB26_Orvexa_Internal_Round\data\real_audio_E\LIBRI_1272_128104_0004.wav,Forensic sample 008.,Audio recording 008.,None,None,AUTHENTIC,test
TL_009_AUTH,C:\Users\Shrid\BNB26_Orvexa_Internal_Round\data\scaled_variations\img\case_009_blur.jpg,C:\Users\Shrid\BNB26_Orvexa_Internal_Round\data\real_audio_E\LIBRI_001.wav,Forensic sample 009.,Audio recording 009.,None,None,AUTHENTIC,test
TL_010_AUTH,C:\Users\Shrid\BNB26_Orvexa_Internal_Round\data\scaled_variations\img\case_010_clean.jpg,C:\Users\Shrid\BNB26_Orvexa_Internal_Round\data\real_audio_E\LIBRI_002.wav,Forensic sample 010.,Audio recording 010.,None,None,AUTHENTIC,test
TL_011_AUTH,C:\Users\Shrid\BNB26_Orvexa_Internal_Round\data\scaled_variations\img\case_011_compress.jpg,C:\Users\Shrid\BNB26_Orvexa_Internal_Round\data\real_audio_E\LIBRI_003.wav,Forensic sample 011.,Audio recording 011.,None,None,AUTHENTIC,test
TL_012_AUTH,C:\Users\Shrid\BNB26_Orvexa_Internal_Round\data\scaled_variations\img\case_012_blur.jpg,C:\Users\Shrid\BNB26_Orvexa_Internal_Round\data\real_audio_E\LIBRI_1272_128104_0000.wav,Forensic sample 012.,Audio recording 012.,None,None,AUTHENTIC,test
TL_013_AUTH,C:\Users\Shrid\BNB26_Orvexa_Internal_Round\data\scaled_variations\img\case_013_clean.jpg,C:\Users\Shrid\BNB26_Orvexa_Internal_Round\data\real_audio_E\LIBRI_1272_128104_0001.wav,Forensic sample 013.,Audio recording 013.,None,None,AUTHENTIC,test
TL_014_AUTH,C:\Users\Shrid\BNB26_Orvexa_Internal_Round\data\scaled_variations\img\case_014_compress.jpg,C:\Users\Shrid\BNB26_Orvexa_Internal_Round\data\real_audio_E\LIBRI_1272_128104_0002.wav,Forensic sample 014.,Audio recording 014.,None,None,AUTHENTIC,test
TL_015_AUTH,C:\Users\Shrid\BNB26_Orvexa_Internal_Round\data\scaled_variations\img\case_015_blur.jpg,C:\Users\Shrid\BNB26_Orvexa_Internal_Round\data\real_audio_E\LIBRI_1272_128104_0003.wav,Forensic sample 015.,Audio recording 015.,None,None,AUTHENTIC,test
TL_016_AUTH,C:\Users\Shrid\BNB26_Orvexa_Internal_Round\data\scaled_variations\img\case_016_clean.jpg,C:\Users\Shrid\BNB26_Orvexa_Internal_Round\data\real_audio_E\LIBRI_1272_128104_0004.wav,Forensic sample 016.,Audio recording 016.,None,None,AUTHENTIC,test
TL_017_AUTH,C:\Users\Shrid\BNB26_Orvexa_Internal_Round\data\scaled_variations\img\case_017_compress.jpg,C:\Users\Shrid\BNB26_Orvexa_Internal_Round\data\real_audio_E\LIBRI_001.wav,Forensic sample 017.,Audio recording 017.,None,None,AUTHENTIC,test
TL_018_AUTH,C:\Users\Shrid\BNB26_Orvexa_Internal_Round\data\scaled_variations\img\case_018_blur.jpg,C:\Users\Shrid\BNB26_Orvexa_Internal_Round\data\real_audio_E\LIBRI_002.wav,Forensic sample 018.,Audio recording 018.,None,None,AUTHENTIC,test
TL_019_AUTH,C:\Users\Shrid\BNB26_Orvexa_Internal_Round\data\scaled_variations\img\case_019_clean.jpg,C:\Users\Shrid\BNB26_Orvexa_Internal_Round\data\real_audio_E\LIBRI_003.wav,Forensic sample 019.,Audio recording 019.,None,None,AUTHENTIC,test
TL_020_AUTH,C:\Users\Shrid\BNB26_Orvexa_Internal_Round\data\scaled_variations\img\case_020_compress.jpg,C:\Users\Shrid\BNB26_Orvexa_Internal_Round\data\real_audio_E\LIBRI_1272_128104_0000.wav,Forensic sample 020.,Audio recording 020.,None,None,AUTHENTIC,test
TL_021_AUTH,C:\Users\Shrid\BNB26_Orvexa_Internal_Round\data\scaled_variations\img\case_021_blur.jpg,C:\Users\Shrid\BNB26_Orvexa_Internal_Round\data\real_audio_E\LIBRI_1272_128104_0001.wav,Forensic sample 021.,Audio recording 021.,None,None,AUTHENTIC,test
TL_022_AUTH,C:\Users\Shrid\BNB26_Orvexa_Internal_Round\data\scaled_variations\img\case_022_clean.jpg,C:\Users\Shrid\BNB26_Orvexa_Internal_Round\data\real_audio_E\LIBRI_1272_128104_0002.wav,Forensic sample 022.,Audio recording 022.,None,None,AUTHENTIC,test
TL_023_AUTH,C:\Users\Shrid\BNB26_Orvexa_Internal_Round\data\scaled_variations\img\case_023_compress.jpg,C:\Users\Shrid\BNB26_Orvexa_Internal_Round\data\real_audio_E\LIBRI_1272_128104_0003.wav,Forensic sample 023.,Audio recording 023.,None,None,AUTHENTIC,test
TL_024_AUTH,C:\Users\Shrid\BNB26_Orvexa_Internal_Round\data\scaled_variations\img\case_024_blur.jpg,C:\Users\Shrid\BNB26_Orvexa_Internal_Round\data\real_audio_E\LIBRI_1272_128104_0004.wav,Forensic sample 024.,Audio recording 024.,None,None,AUTHENTIC,test
TL_025_AUTH,C:\Users\Shrid\BNB26_Orvexa_Internal_Round\data\scaled_variations\img\case_025_clean.jpg,C:\Users\Shrid\BNB26_Orvexa_Internal_Round\data\real_audio_E\LIBRI_001.wav,Forensic sample 025.,Audio recording 025.,None,None,AUTHENTIC,test
TL_026_AUTH,C:\Users\Shrid\BNB26_Orvexa_Internal_Round\data\scaled_variations\img\case_026_compress.jpg,C:\Users\Shrid\BNB26_Orvexa_Internal_Round\data\real_audio_E\LIBRI_002.wav,Forensic sample 026.,Audio recording 026.,None,None,AUTHENTIC,test
TL_027_AUTH,C:\Users\Shrid\BNB26_Orvexa_Internal_Round\data\scaled_variations\img\case_027_blur.jpg,C:\Users\Shrid\BNB26_Orvexa_Internal_Round\data\real_audio_E\LIBRI_003.wav,Forensic sample 027.,Audio recording 027.,None,None,AUTHENTIC,test
TL_028_AUTH,C:\Users\Shrid\BNB26_Orvexa_Internal_Round\data\scaled_variations\img\case_028_clean.jpg,C:\Users\Shrid\BNB26_Orvexa_Internal_Round\data\real_audio_E\LIBRI_1272_128104_0000.wav,Forensic sample 028.,Audio recording 028.,None,None,AUTHENTIC,test
TL_029_AUTH,C:\Users\Shrid\BNB26_Orvexa_Internal_Round\data\scaled_variations\img\case_029_compress.jpg,C:\Users\Shrid\BNB26_Orvexa_Internal_Round\data\real_audio_E\LIBRI_1272_128104_0001.wav,Forensic sample 029.,Audio recording 029.,None,None,AUTHENTIC,test
TL_030_AUTH,C:\Users\Shrid\BNB26_Orvexa_Internal_Round\data\scaled_variations\img\case_030_blur.jpg,C:\Users\Shrid\BNB26_Orvexa_Internal_Round\data\real_audio_E\LIBRI_1272_128104_0002.wav,Forensic sample 030.,Audio recording 030.,None,None,AUTHENTIC,test
TL_031_IMAG,C:\Users\Shrid\BNB26_Orvexa_Internal_Round\data\scaled_variations\img\case_031_clean.jpg,C:\Users\Shrid\BNB26_Orvexa_Internal_Round\data\real_audio_E\LIBRI_001.wav,Forensic sample 031.,Audio recording 031.,SD-Turbo,None,IMAGE_MANIPULATED,test
TL_032_IMAG,C:\Users\Shrid\BNB26_Orvexa_Internal_Round\data\scaled_variations\img\case_032_compress.jpg,C:\Users\Shrid\BNB26_Orvexa_Internal_Round\data\real_audio_E\LIBRI_002.wav,Forensic sample 032.,Audio recording 032.,SD-Turbo,None,IMAGE_MANIPULATED,test
TL_033_IMAG,C:\Users\Shrid\BNB26_Orvexa_Internal_Round\data\scaled_variations\img\case_033_blur.jpg,C:\Users\Shrid\BNB26_Orvexa_Internal_Round\data\real_audio_E\LIBRI_003.wav,Forensic sample 033.,Audio recording 033.,SD-Turbo,None,IMAGE_MANIPULATED,test
TL_034_IMAG,C:\Users\Shrid\BNB26_Orvexa_Internal_Round\data\scaled_variations\img\case_034_clean.jpg,C:\Users\Shrid\BNB26_Orvexa_Internal_Round\data\real_audio_E\LIBRI_1272_128104_0000.wav,Forensic sample 034.,Audio recording 034.,SD-Turbo,None,IMAGE_MANIPULATED,test
TL_035_IMAG,C:\Users\Shrid\BNB26_Orvexa_Internal_Round\data\scaled_variations\img\case_035_compress.jpg,C:\Users\Shrid\BNB26_Orvexa_Internal_Round\data\real_audio_E\LIBRI_1272_128104_0001.wav,Forensic sample 035.,Audio recording 035.,SD-Turbo,None,IMAGE_MANIPULATED,test
TL_036_IMAG,C:\Users\Shrid\BNB26_Orvexa_Internal_Round\data\scaled_variations\img\case_036_blur.jpg,C:\Users\Shrid\BNB26_Orvexa_Internal_Round\data\real_audio_E\LIBRI_1272_128104_0002.wav,Forensic sample 036.,Audio recording 036.,SD-Turbo,None,IMAGE_MANIPULATED,test
TL_037_IMAG,C:\Users\Shrid\BNB26_Orvexa_Internal_Round\data\scaled_variations\img\case_037_clean.jpg,C:\Users\Shrid\BNB26_Orvexa_Internal_Round\data\real_audio_E\LIBRI_1272_128104_0003.wav,Forensic sample 037.,Audio recording 037.,SD-Turbo,None,IMAGE_MANIPULATED,test
TL_038_IMAG,C:\Users\Shrid\BNB26_Orvexa_Internal_Round\data\scaled_variations\img\case_038_compress.jpg,C:\Users\Shrid\BNB26_Orvexa_Internal_Round\data\real_audio_E\LIBRI_1272_128104_0004.wav,Forensic sample 038.,Audio recording 038.,SD-Turbo,None,IMAGE_MANIPULATED,test
TL_039_IMAG,C:\Users\Shrid\BNB26_Orvexa_Internal_Round\data\scaled_variations\img\case_039_blur.jpg,C:\Users\Shrid\BNB26_Orvexa_Internal_Round\data\real_audio_E\LIBRI_001.wav,Forensic sample 039.,Audio recording 039.,SD-Turbo,None,IMAGE_MANIPULATED,test
TL_040_IMAG,C:\Users\Shrid\BNB26_Orvexa_Internal_Round\data\scaled_variations\img\case_040_clean.jpg,C:\Users\Shrid\BNB26_Orvexa_Internal_Round\data\real_audio_E\LIBRI_002.wav,Forensic sample 040.,Audio recording 040.,SD-Turbo,None,IMAGE_MANIPULATED,test
TL_041_IMAG,C:\Users\Shrid\BNB26_Orvexa_Internal_Round\data\scaled_variations\img\case_041_compress.jpg,C:\Users\Shrid\BNB26_Orvexa_Internal_Round\data\real_audio_E\LIBRI_003.wav,Forensic sample 041.,Audio recording 041.,SD-Turbo,None,IMAGE_MANIPULATED,test
TL_042_IMAG,C:\Users\Shrid\BNB26_Orvexa_Internal_Round\data\scaled_variations\img\case_042_blur.jpg,C:\Users\Shrid\BNB26_Orvexa_Internal_Round\data\real_audio_E\LIBRI_1272_128104_0000.wav,Forensic sample 042.,Audio recording 042.,SD-Turbo,None,IMAGE_MANIPULATED,test
TL_043_IMAG,C:\Users\Shrid\BNB26_Orvexa_Internal_Round\data\scaled_variations\img\case_043_clean.jpg,C:\Users\Shrid\BNB26_Orvexa_Internal_Round\data\real_audio_E\LIBRI_1272_128104_0001.wav,Forensic sample 043.,Audio recording 043.,SD-Turbo,None,IMAGE_MANIPULATED,test
TL_044_IMAG,C:\Users\Shrid\BNB26_Orvexa_Internal_Round\data\scaled_variations\img\case_044_compress.jpg,C:\Users\Shrid\BNB26_Orvexa_Internal_Round\data\real_audio_E\LIBRI_1272_128104_0002.wav,Forensic sample 044.,Audio recording 044.,SD-Turbo,None,IMAGE_MANIPULATED,test
TL_045_IMAG,C:\Users\Shrid\BNB26_Orvexa_Internal_Round\data\scaled_variations\img\case_045_blur.jpg,C:\Users\Shrid\BNB26_Orvexa_Internal_Round\data\real_audio_E\LIBRI_1272_128104_0003.wav,Forensic sample 045.,Audio recording 045.,SD-Turbo,None,IMAGE_MANIPULATED,test
TL_046_IMAG,C:\Users\Shrid\BNB26_Orvexa_Internal_Round\data\scaled_variations\img\case_046_clean.jpg,C:\Users\Shrid\BNB26_Orvexa_Internal_Round\data\real_audio_E\LIBRI_1272_128104_0004.wav,Forensic sample 046.,Audio recording 046.,SD-Turbo,None,IMAGE_MANIPULATED,test
TL_047_IMAG,C:\Users\Shrid\BNB26_Orvexa_Internal_Round\data\scaled_variations\img\case_047_compress.jpg,C:\Users\Shrid\BNB26_Orvexa_Internal_Round\data\real_audio_E\LIBRI_001.wav,Forensic sample 047.,Audio recording 047.,SD-Turbo,None,IMAGE_MANIPULATED,test
TL_048_IMAG,C:\Users\Shrid\BNB26_Orvexa_Internal_Round\data\scaled_variations\img\case_048_blur.jpg,C:\Users\Shrid\BNB26_Orvexa_Internal_Round\data\real_audio_E\LIBRI_002.wav,Forensic sample 048.,Audio recording 048.,SD-Turbo,None,IMAGE_MANIPULATED,test
TL_049_IMAG,C:\Users\Shrid\BNB26_Orvexa_Internal_Round\data\scaled_variations\img\case_049_clean.jpg,C:\Users\Shrid\BNB26_Orvexa_Internal_Round\data\real_audio_E\LIBRI_003.wav,Forensic sample 049.,Audio recording 049.,SD-Turbo,None,IMAGE_MANIPULATED,test
TL_050_IMAG,C:\Users\Shrid\BNB26_Orvexa_Internal_Round\data\scaled_variations\img\case_050_compress.jpg,C:\Users\Shrid\BNB26_Orvexa_Internal_Round\data\real_audio_E\LIBRI_1272_128104_0000.wav,Forensic sample 050.,Audio recording 050.,SD-Turbo,None,IMAGE_MANIPULATED,test
TL_051_IMAG,C:\Users\Shrid\BNB26_Orvexa_Internal_Round\data\scaled_variations\img\case_051_blur.jpg,C:\Users\Shrid\BNB26_Orvexa_Internal_Round\data\real_audio_E\LIBRI_1272_128104_0001.wav,Forensic sample 051.,Audio recording 051.,SD-Turbo,None,IMAGE_MANIPULATED,test
TL_052_IMAG,C:\Users\Shrid\BNB26_Orvexa_Internal_Round\data\scaled_variations\img\case_052_clean.jpg,C:\Users\Shrid\BNB26_Orvexa_Internal_Round\data\real_audio_E\LIBRI_1272_128104_0002.wav,Forensic sample 052.,Audio recording 052.,SD-Turbo,None,IMAGE_MANIPULATED,test
TL_053_IMAG,C:\Users\Shrid\BNB26_Orvexa_Internal_Round\data\scaled_variations\img\case_053_compress.jpg,C:\Users\Shrid\BNB26_Orvexa_Internal_Round\data\real_audio_E\LIBRI_1272_128104_0003.wav,Forensic sample 053.,Audio recording 053.,SD-Turbo,None,IMAGE_MANIPULATED,test
TL_054_IMAG,C:\Users\Shrid\BNB26_Orvexa_Internal_Round\data\scaled_variations\img\case_054_blur.jpg,C:\Users\Shrid\BNB26_Orvexa_Internal_Round\data\real_audio_E\LIBRI_1272_128104_0004.wav,Forensic sample 054.,Audio recording 054.,SD-Turbo,None,IMAGE_MANIPULATED,test
TL_055_IMAG,C:\Users\Shrid\BNB26_Orvexa_Internal_Round\data\scaled_variations\img\case_055_clean.jpg,C:\Users\Shrid\BNB26_Orvexa_Internal_Round\data\real_audio_E\LIBRI_001.wav,Forensic sample 055.,Audio recording 055.,SD-Turbo,None,IMAGE_MANIPULATED,test
TL_056_IMAG,C:\Users\Shrid\BNB26_Orvexa_Internal_Round\data\scaled_variations\img\case_056_compress.jpg,C:\Users\Shrid\BNB26_Orvexa_Internal_Round\data\real_audio_E\LIBRI_002.wav,Forensic sample 056.,Audio recording 056.,SD-Turbo,None,IMAGE_MANIPULATED,test
TL_057_IMAG,C:\Users\Shrid\BNB26_Orvexa_Internal_Round\data\scaled_variations\img\case_057_blur.jpg,C:\Users\Shrid\BNB26_Orvexa_Internal_Round\data\real_audio_E\LIBRI_003.wav,Forensic sample 057.,Audio recording 057.,SD-Turbo,None,IMAGE_MANIPULATED,test
TL_058_IMAG,C:\Users\Shrid\BNB26_Orvexa_Internal_Round\data\scaled_variations\img\case_058_clean.jpg,C:\Users\Shrid\BNB26_Orvexa_Internal_Round\data\real_audio_E\LIBRI_1272_128104_0000.wav,Forensic sample 058.,Audio recording 058.,SD-Turbo,None,IMAGE_MANIPULATED,test
TL_059_IMAG,C:\Users\Shrid\BNB26_Orvexa_Internal_Round\data\scaled_variations\img\case_059_compress.jpg,C:\Users\Shrid\BNB26_Orvexa_Internal_Round\data\real_audio_E\LIBRI_1272_128104_0001.wav,Forensic sample 059.,Audio recording 059.,SD-Turbo,None,IMAGE_MANIPULATED,test
TL_060_IMAG,C:\Users\Shrid\BNB26_Orvexa_Internal_Round\data\scaled_variations\img\case_060_blur.jpg,C:\Users\Shrid\BNB26_Orvexa_Internal_Round\data\real_audio_E\LIBRI_1272_128104_0002.wav,Forensic sample 060.,Audio recording 060.,SD-Turbo,None,IMAGE_MANIPULATED,test
TL_061_AUDI,C:\Users\Shrid\BNB26_Orvexa_Internal_Round\data\scaled_variations\img\case_061_clean.jpg,C:\Users\Shrid\BNB26_Orvexa_Internal_Round\data\generated\raw\aud\edge_COCO_000000000139.wav,Forensic sample 061.,Audio recording 061.,None,edge-TTS,AUDIO_MANIPULATED,test
TL_062_AUDI,C:\Users\Shrid\BNB26_Orvexa_Internal_Round\data\scaled_variations\img\case_062_compress.jpg,C:\Users\Shrid\BNB26_Orvexa_Internal_Round\data\generated\raw\aud\edge_COCO_000000000285.wav,Forensic sample 062.,Audio recording 062.,None,edge-TTS,AUDIO_MANIPULATED,test
TL_063_AUDI,C:\Users\Shrid\BNB26_Orvexa_Internal_Round\data\scaled_variations\img\case_063_blur.jpg,C:\Users\Shrid\BNB26_Orvexa_Internal_Round\data\generated\raw\aud\edge_COCO_000000000632.wav,Forensic sample 063.,Audio recording 063.,None,edge-TTS,AUDIO_MANIPULATED,test
TL_064_AUDI,C:\Users\Shrid\BNB26_Orvexa_Internal_Round\data\scaled_variations\img\case_064_clean.jpg,C:\Users\Shrid\BNB26_Orvexa_Internal_Round\data\generated\raw\aud\edge_COCO_000000000724.wav,Forensic sample 064.,Audio recording 064.,None,edge-TTS,AUDIO_MANIPULATED,test
TL_065_AUDI,C:\Users\Shrid\BNB26_Orvexa_Internal_Round\data\scaled_variations\img\case_065_compress.jpg,C:\Users\Shrid\BNB26_Orvexa_Internal_Round\data\generated\raw\aud\edge_COCO_000000000776.wav,Forensic sample 065.,Audio recording 065.,None,edge-TTS,AUDIO_MANIPULATED,test
TL_066_AUDI,C:\Users\Shrid\BNB26_Orvexa_Internal_Round\data\scaled_variations\img\case_066_blur.jpg,C:\Users\Shrid\BNB26_Orvexa_Internal_Round\data\generated\raw\aud\edge_COCO_000000000139.wav,Forensic sample 066.,Audio recording 066.,None,edge-TTS,AUDIO_MANIPULATED,test
TL_067_AUDI,C:\Users\Shrid\BNB26_Orvexa_Internal_Round\data\scaled_variations\img\case_067_clean.jpg,C:\Users\Shrid\BNB26_Orvexa_Internal_Round\data\generated\raw\aud\edge_COCO_000000000285.wav,Forensic sample 067.,Audio recording 067.,None,edge-TTS,AUDIO_MANIPULATED,test
TL_068_AUDI,C:\Users\Shrid\BNB26_Orvexa_Internal_Round\data\scaled_variations\img\case_068_compress.jpg,C:\Users\Shrid\BNB26_Orvexa_Internal_Round\data\generated\raw\aud\edge_COCO_000000000632.wav,Forensic sample 068.,Audio recording 068.,None,edge-TTS,AUDIO_MANIPULATED,test
TL_069_AUDI,C:\Users\Shrid\BNB26_Orvexa_Internal_Round\data\scaled_variations\img\case_069_blur.jpg,C:\Users\Shrid\BNB26_Orvexa_Internal_Round\data\generated\raw\aud\edge_COCO_000000000724.wav,Forensic sample 069.,Audio recording 069.,None,edge-TTS,AUDIO_MANIPULATED,test
TL_070_AUDI,C:\Users\Shrid\BNB26_Orvexa_Internal_Round\data\scaled_variations\img\case_070_clean.jpg,C:\Users\Shrid\BNB26_Orvexa_Internal_Round\data\generated\raw\aud\edge_COCO_000000000776.wav,Forensic sample 070.,Audio recording 070.,None,edge-TTS,AUDIO_MANIPULATED,test
TL_071_AUDI,C:\Users\Shrid\BNB26_Orvexa_Internal_Round\data\scaled_variations\img\case_071_compress.jpg,C:\Users\Shrid\BNB26_Orvexa_Internal_Round\data\generated\raw\aud\edge_COCO_000000000139.wav,Forensic sample 071.,Audio recording 071.,None,edge-TTS,AUDIO_MANIPULATED,test
TL_072_AUDI,C:\Users\Shrid\BNB26_Orvexa_Internal_Round\data\scaled_variations\img\case_072_blur.jpg,C:\Users\Shrid\BNB26_Orvexa_Internal_Round\data\generated\raw\aud\edge_COCO_000000000285.wav,Forensic sample 072.,Audio recording 072.,None,edge-TTS,AUDIO_MANIPULATED,test
TL_073_AUDI,C:\Users\Shrid\BNB26_Orvexa_Internal_Round\data\scaled_variations\img\case_073_clean.jpg,C:\Users\Shrid\BNB26_Orvexa_Internal_Round\data\generated\raw\aud\edge_COCO_000000000632.wav,Forensic sample 073.,Audio recording 073.,None,edge-TTS,AUDIO_MANIPULATED,test
TL_074_AUDI,C:\Users\Shrid\BNB26_Orvexa_Internal_Round\data\scaled_variations\img\case_074_compress.jpg,C:\Users\Shrid\BNB26_Orvexa_Internal_Round\data\generated\raw\aud\edge_COCO_000000000724.wav,Forensic sample 074.,Audio recording 074.,None,edge-TTS,AUDIO_MANIPULATED,test
TL_075_AUDI,C:\Users\Shrid\BNB26_Orvexa_Internal_Round\data\scaled_variations\img\case_075_blur.jpg,C:\Users\Shrid\BNB26_Orvexa_Internal_Round\data\generated\raw\aud\edge_COCO_000000000776.wav,Forensic sample 075.,Audio recording 075.,None,edge-TTS,AUDIO_MANIPULATED,test
TL_076_AUDI,C:\Users\Shrid\BNB26_Orvexa_Internal_Round\data\scaled_variations\img\case_076_clean.jpg,C:\Users\Shrid\BNB26_Orvexa_Internal_Round\data\generated\raw\aud\edge_COCO_000000000139.wav,Forensic sample 076.,Audio recording 076.,None,edge-TTS,AUDIO_MANIPULATED,test
TL_077_AUDI,C:\Users\Shrid\BNB26_Orvexa_Internal_Round\data\scaled_variations\img\case_077_compress.jpg,C:\Users\Shrid\BNB26_Orvexa_Internal_Round\data\generated\raw\aud\edge_COCO_000000000285.wav,Forensic sample 077.,Audio recording 077.,None,edge-TTS,AUDIO_MANIPULATED,test
TL_078_AUDI,C:\Users\Shrid\BNB26_Orvexa_Internal_Round\data\scaled_variations\img\case_078_blur.jpg,C:\Users\Shrid\BNB26_Orvexa_Internal_Round\data\generated\raw\aud\edge_COCO_000000000632.wav,Forensic sample 078.,Audio recording 078.,None,edge-TTS,AUDIO_MANIPULATED,test
TL_079_AUDI,C:\Users\Shrid\BNB26_Orvexa_Internal_Round\data\scaled_variations\img\case_079_clean.jpg,C:\Users\Shrid\BNB26_Orvexa_Internal_Round\data\generated\raw\aud\edge_COCO_000000000724.wav,Forensic sample 079.,Audio recording 079.,None,edge-TTS,AUDIO_MANIPULATED,test
TL_080_AUDI,C:\Users\Shrid\BNB26_Orvexa_Internal_Round\data\scaled_variations\img\case_080_compress.jpg,C:\Users\Shrid\BNB26_Orvexa_Internal_Round\data\generated\raw\aud\edge_COCO_000000000776.wav,Forensic sample 080.,Audio recording 080.,None,edge-TTS,AUDIO_MANIPULATED,test
TL_081_AUDI,C:\Users\Shrid\BNB26_Orvexa_Internal_Round\data\scaled_variations\img\case_081_blur.jpg,C:\Users\Shrid\BNB26_Orvexa_Internal_Round\data\generated\raw\aud\edge_COCO_000000000139.wav,Forensic sample 081.,Audio recording 081.,None,edge-TTS,AUDIO_MANIPULATED,test
TL_082_AUDI,C:\Users\Shrid\BNB26_Orvexa_Internal_Round\data\scaled_variations\img\case_082_clean.jpg,C:\Users\Shrid\BNB26_Orvexa_Internal_Round\data\generated\raw\aud\edge_COCO_000000000285.wav,Forensic sample 082.,Audio recording 082.,None,edge-TTS,AUDIO_MANIPULATED,test
TL_083_AUDI,C:\Users\Shrid\BNB26_Orvexa_Internal_Round\data\scaled_variations\img\case_083_compress.jpg,C:\Users\Shrid\BNB26_Orvexa_Internal_Round\data\generated\raw\aud\edge_COCO_000000000632.wav,Forensic sample 083.,Audio recording 083.,None,edge-TTS,AUDIO_MANIPULATED,test
TL_084_AUDI,C:\Users\Shrid\BNB26_Orvexa_Internal_Round\data\scaled_variations\img\case_084_blur.jpg,C:\Users\Shrid\BNB26_Orvexa_Internal_Round\data\generated\raw\aud\edge_COCO_000000000724.wav,Forensic sample 084.,Audio recording 084.,None,edge-TTS,AUDIO_MANIPULATED,test
TL_085_AUDI,C:\Users\Shrid\BNB26_Orvexa_Internal_Round\data\scaled_variations\img\case_085_clean.jpg,C:\Users\Shrid\BNB26_Orvexa_Internal_Round\data\generated\raw\aud\edge_COCO_000000000776.wav,Forensic sample 085.,Audio recording 085.,None,edge-TTS,AUDIO_MANIPULATED,test
TL_086_AUDI,C:\Users\Shrid\BNB26_Orvexa_Internal_Round\data\scaled_variations\img\case_086_compress.jpg,C:\Users\Shrid\BNB26_Orvexa_Internal_Round\data\generated\raw\aud\edge_COCO_000000000139.wav,Forensic sample 086.,Audio recording 086.,None,edge-TTS,AUDIO_MANIPULATED,test
TL_087_AUDI,C:\Users\Shrid\BNB26_Orvexa_Internal_Round\data\scaled_variations\img\case_087_blur.jpg,C:\Users\Shrid\BNB26_Orvexa_Internal_Round\data\generated\raw\aud\edge_COCO_000000000285.wav,Forensic sample 087.,Audio recording 087.,None,edge-TTS,AUDIO_MANIPULATED,test
TL_088_AUDI,C:\Users\Shrid\BNB26_Orvexa_Internal_Round\data\scaled_variations\img\case_088_clean.jpg,C:\Users\Shrid\BNB26_Orvexa_Internal_Round\data\generated\raw\aud\edge_COCO_000000000632.wav,Forensic sample 088.,Audio recording 088.,None,edge-TTS,AUDIO_MANIPULATED,test
TL_089_AUDI,C:\Users\Shrid\BNB26_Orvexa_Internal_Round\data\scaled_variations\img\case_089_compress.jpg,C:\Users\Shrid\BNB26_Orvexa_Internal_Round\data\generated\raw\aud\edge_COCO_000000000724.wav,Forensic sample 089.,Audio recording 089.,None,edge-TTS,AUDIO_MANIPULATED,test
TL_090_AUDI,C:\Users\Shrid\BNB26_Orvexa_Internal_Round\data\scaled_variations\img\case_090_blur.jpg,C:\Users\Shrid\BNB26_Orvexa_Internal_Round\data\generated\raw\aud\edge_COCO_000000000776.wav,Forensic sample 090.,Audio recording 090.,None,edge-TTS,AUDIO_MANIPULATED,test
TL_091_MULT,C:\Users\Shrid\BNB26_Orvexa_Internal_Round\data\scaled_variations\img\case_091_clean.jpg,C:\Users\Shrid\BNB26_Orvexa_Internal_Round\data\generated\raw\aud\edge_COCO_000000000139.wav,Forensic sample 091.,Audio recording 091.,SD-Turbo,edge-TTS,MULTIMODAL_SYNTHETIC,test
TL_092_MULT,C:\Users\Shrid\BNB26_Orvexa_Internal_Round\data\scaled_variations\img\case_092_compress.jpg,C:\Users\Shrid\BNB26_Orvexa_Internal_Round\data\generated\raw\aud\edge_COCO_000000000285.wav,Forensic sample 092.,Audio recording 092.,SD-Turbo,edge-TTS,MULTIMODAL_SYNTHETIC,test
TL_093_MULT,C:\Users\Shrid\BNB26_Orvexa_Internal_Round\data\scaled_variations\img\case_093_blur.jpg,C:\Users\Shrid\BNB26_Orvexa_Internal_Round\data\generated\raw\aud\edge_COCO_000000000632.wav,Forensic sample 093.,Audio recording 093.,SD-Turbo,edge-TTS,MULTIMODAL_SYNTHETIC,test
TL_094_MULT,C:\Users\Shrid\BNB26_Orvexa_Internal_Round\data\scaled_variations\img\case_094_clean.jpg,C:\Users\Shrid\BNB26_Orvexa_Internal_Round\data\generated\raw\aud\edge_COCO_000000000724.wav,Forensic sample 094.,Audio recording 094.,SD-Turbo,edge-TTS,MULTIMODAL_SYNTHETIC,test
TL_095_MULT,C:\Users\Shrid\BNB26_Orvexa_Internal_Round\data\scaled_variations\img\case_095_compress.jpg,C:\Users\Shrid\BNB26_Orvexa_Internal_Round\data\generated\raw\aud\edge_COCO_000000000776.wav,Forensic sample 095.,Audio recording 095.,SD-Turbo,edge-TTS,MULTIMODAL_SYNTHETIC,test
TL_096_MULT,C:\Users\Shrid\BNB26_Orvexa_Internal_Round\data\scaled_variations\img\case_096_blur.jpg,C:\Users\Shrid\BNB26_Orvexa_Internal_Round\data\generated\raw\aud\edge_COCO_000000000139.wav,Forensic sample 096.,Audio recording 096.,SD-Turbo,edge-TTS,MULTIMODAL_SYNTHETIC,test
TL_097_MULT,C:\Users\Shrid\BNB26_Orvexa_Internal_Round\data\scaled_variations\img\case_097_clean.jpg,C:\Users\Shrid\BNB26_Orvexa_Internal_Round\data\generated\raw\aud\edge_COCO_000000000285.wav,Forensic sample 097.,Audio recording 097.,SD-Turbo,edge-TTS,MULTIMODAL_SYNTHETIC,test
TL_098_MULT,C:\Users\Shrid\BNB26_Orvexa_Internal_Round\data\scaled_variations\img\case_098_compress.jpg,C:\Users\Shrid\BNB26_Orvexa_Internal_Round\data\generated\raw\aud\edge_COCO_000000000632.wav,Forensic sample 098.,Audio recording 098.,SD-Turbo,edge-TTS,MULTIMODAL_SYNTHETIC,test
TL_099_MULT,C:\Users\Shrid\BNB26_Orvexa_Internal_Round\data\scaled_variations\img\case_099_blur.jpg,C:\Users\Shrid\BNB26_Orvexa_Internal_Round\data\generated\raw\aud\edge_COCO_000000000724.wav,Forensic sample 099.,Audio recording 099.,SD-Turbo,edge-TTS,MULTIMODAL_SYNTHETIC,test
TL_100_MULT,C:\Users\Shrid\BNB26_Orvexa_Internal_Round\data\scaled_variations\img\case_100_clean.jpg,C:\Users\Shrid\BNB26_Orvexa_Internal_Round\data\generated\raw\aud\edge_COCO_000000000776.wav,Forensic sample 100.,Audio recording 100.,SD-Turbo,edge-TTS,MULTIMODAL_SYNTHETIC,test
TL_101_MULT,C:\Users\Shrid\BNB26_Orvexa_Internal_Round\data\scaled_variations\img\case_101_compress.jpg,C:\Users\Shrid\BNB26_Orvexa_Internal_Round\data\generated\raw\aud\edge_COCO_000000000139.wav,Forensic sample 101.,Audio recording 101.,SD-Turbo,edge-TTS,MULTIMODAL_SYNTHETIC,test
TL_102_MULT,C:\Users\Shrid\BNB26_Orvexa_Internal_Round\data\scaled_variations\img\case_102_blur.jpg,C:\Users\Shrid\BNB26_Orvexa_Internal_Round\data\generated\raw\aud\edge_COCO_000000000285.wav,Forensic sample 102.,Audio recording 102.,SD-Turbo,edge-TTS,MULTIMODAL_SYNTHETIC,test
TL_103_MULT,C:\Users\Shrid\BNB26_Orvexa_Internal_Round\data\scaled_variations\img\case_103_clean.jpg,C:\Users\Shrid\BNB26_Orvexa_Internal_Round\data\generated\raw\aud\edge_COCO_000000000632.wav,Forensic sample 103.,Audio recording 103.,SD-Turbo,edge-TTS,MULTIMODAL_SYNTHETIC,test
TL_104_MULT,C:\Users\Shrid\BNB26_Orvexa_Internal_Round\data\scaled_variations\img\case_104_compress.jpg,C:\Users\Shrid\BNB26_Orvexa_Internal_Round\data\generated\raw\aud\edge_COCO_000000000724.wav,Forensic sample 104.,Audio recording 104.,SD-Turbo,edge-TTS,MULTIMODAL_SYNTHETIC,test
TL_105_MULT,C:\Users\Shrid\BNB26_Orvexa_Internal_Round\data\scaled_variations\img\case_105_blur.jpg,C:\Users\Shrid\BNB26_Orvexa_Internal_Round\data\generated\raw\aud\edge_COCO_000000000776.wav,Forensic sample 105.,Audio recording 105.,SD-Turbo,edge-TTS,MULTIMODAL_SYNTHETIC,test
TL_106_MULT,C:\Users\Shrid\BNB26_Orvexa_Internal_Round\data\scaled_variations\img\case_106_clean.jpg,C:\Users\Shrid\BNB26_Orvexa_Internal_Round\data\generated\raw\aud\edge_COCO_000000000139.wav,Forensic sample 106.,Audio recording 106.,SD-Turbo,edge-TTS,MULTIMODAL_SYNTHETIC,test
TL_107_MULT,C:\Users\Shrid\BNB26_Orvexa_Internal_Round\data\scaled_variations\img\case_107_compress.jpg,C:\Users\Shrid\BNB26_Orvexa_Internal_Round\data\generated\raw\aud\edge_COCO_000000000285.wav,Forensic sample 107.,Audio recording 107.,SD-Turbo,edge-TTS,MULTIMODAL_SYNTHETIC,test
TL_108_MULT,C:\Users\Shrid\BNB26_Orvexa_Internal_Round\data\scaled_variations\img\case_108_blur.jpg,C:\Users\Shrid\BNB26_Orvexa_Internal_Round\data\generated\raw\aud\edge_COCO_000000000632.wav,Forensic sample 108.,Audio recording 108.,SD-Turbo,edge-TTS,MULTIMODAL_SYNTHETIC,test
TL_109_MULT,C:\Users\Shrid\BNB26_Orvexa_Internal_Round\data\scaled_variations\img\case_109_clean.jpg,C:\Users\Shrid\BNB26_Orvexa_Internal_Round\data\generated\raw\aud\edge_COCO_000000000724.wav,Forensic sample 109.,Audio recording 109.,SD-Turbo,edge-TTS,MULTIMODAL_SYNTHETIC,test
TL_110_MULT,C:\Users\Shrid\BNB26_Orvexa_Internal_Round\data\scaled_variations\img\case_110_compress.jpg,C:\Users\Shrid\BNB26_Orvexa_Internal_Round\data\generated\raw\aud\edge_COCO_000000000776.wav,Forensic sample 110.,Audio recording 110.,SD-Turbo,edge-TTS,MULTIMODAL_SYNTHETIC,test
TL_111_MULT,C:\Users\Shrid\BNB26_Orvexa_Internal_Round\data\scaled_variations\img\case_111_blur.jpg,C:\Users\Shrid\BNB26_Orvexa_Internal_Round\data\generated\raw\aud\edge_COCO_000000000139.wav,Forensic sample 111.,Audio recording 111.,SD-Turbo,edge-TTS,MULTIMODAL_SYNTHETIC,test
TL_112_MULT,C:\Users\Shrid\BNB26_Orvexa_Internal_Round\data\scaled_variations\img\case_112_clean.jpg,C:\Users\Shrid\BNB26_Orvexa_Internal_Round\data\generated\raw\aud\edge_COCO_000000000285.wav,Forensic sample 112.,Audio recording 112.,SD-Turbo,edge-TTS,MULTIMODAL_SYNTHETIC,test
TL_113_MULT,C:\Users\Shrid\BNB26_Orvexa_Internal_Round\data\scaled_variations\img\case_113_compress.jpg,C:\Users\Shrid\BNB26_Orvexa_Internal_Round\data\generated\raw\aud\edge_COCO_000000000632.wav,Forensic sample 113.,Audio recording 113.,SD-Turbo,edge-TTS,MULTIMODAL_SYNTHETIC,test
TL_114_MULT,C:\Users\Shrid\BNB26_Orvexa_Internal_Round\data\scaled_variations\img\case_114_blur.jpg,C:\Users\Shrid\BNB26_Orvexa_Internal_Round\data\generated\raw\aud\edge_COCO_000000000724.wav,Forensic sample 114.,Audio recording 114.,SD-Turbo,edge-TTS,MULTIMODAL_SYNTHETIC,test
TL_115_MULT,C:\Users\Shrid\BNB26_Orvexa_Internal_Round\data\scaled_variations\img\case_115_clean.jpg,C:\Users\Shrid\BNB26_Orvexa_Internal_Round\data\generated\raw\aud\edge_COCO_000000000776.wav,Forensic sample 115.,Audio recording 115.,SD-Turbo,edge-TTS,MULTIMODAL_SYNTHETIC,test
TL_116_MULT,C:\Users\Shrid\BNB26_Orvexa_Internal_Round\data\scaled_variations\img\case_116_compress.jpg,C:\Users\Shrid\BNB26_Orvexa_Internal_Round\data\generated\raw\aud\edge_COCO_000000000139.wav,Forensic sample 116.,Audio recording 116.,SD-Turbo,edge-TTS,MULTIMODAL_SYNTHETIC,test
TL_117_MULT,C:\Users\Shrid\BNB26_Orvexa_Internal_Round\data\scaled_variations\img\case_117_blur.jpg,C:\Users\Shrid\BNB26_Orvexa_Internal_Round\data\generated\raw\aud\edge_COCO_000000000285.wav,Forensic sample 117.,Audio recording 117.,SD-Turbo,edge-TTS,MULTIMODAL_SYNTHETIC,test
TL_118_MULT,C:\Users\Shrid\BNB26_Orvexa_Internal_Round\data\scaled_variations\img\case_118_clean.jpg,C:\Users\Shrid\BNB26_Orvexa_Internal_Round\data\generated\raw\aud\edge_COCO_000000000632.wav,Forensic sample 118.,Audio recording 118.,SD-Turbo,edge-TTS,MULTIMODAL_SYNTHETIC,test
TL_119_MULT,C:\Users\Shrid\BNB26_Orvexa_Internal_Round\data\scaled_variations\img\case_119_compress.jpg,C:\Users\Shrid\BNB26_Orvexa_Internal_Round\data\generated\raw\aud\edge_COCO_000000000724.wav,Forensic sample 119.,Audio recording 119.,SD-Turbo,edge-TTS,MULTIMODAL_SYNTHETIC,test
TL_120_MULT,C:\Users\Shrid\BNB26_Orvexa_Internal_Round\data\scaled_variations\img\case_120_blur.jpg,C:\Users\Shrid\BNB26_Orvexa_Internal_Round\data\generated\raw\aud\edge_COCO_000000000776.wav,Forensic sample 120.,Audio recording 120.,SD-Turbo,edge-TTS,MULTIMODAL_SYNTHETIC,test
