case_id,image_path,audio_path,caption,transcript,image_source,image_generator,audio_source,audio_generator,ground_truth_case,split
TL_AUTH_001,C:\Users\Shrid\BNB26_Orvexa_Internal_Round\data\poolE_real_images\COCO_000000000139.jpg,C:\Users\Shrid\BNB26_Orvexa_Internal_Round\data\real_audio_E\LIBRI_001.wav,Authentic verified human context capture.,Natural spoken human recording.,COCO,,LibriSpeech,,AUTHENTIC,test
TL_AUTH_002,C:\Users\Shrid\BNB26_Orvexa_Internal_Round\data\poolE_real_images\COCO_000000000285.jpg,C:\Users\Shrid\BNB26_Orvexa_Internal_Round\data\real_audio_E\LIBRI_002.wav,Authentic verified human context capture.,Natural spoken human recording.,COCO,,LibriSpeech,,AUTHENTIC,test
TL_AUTH_003,C:\Users\Shrid\BNB26_Orvexa_Internal_Round\data\poolE_real_images\COCO_000000000632.jpg,C:\Users\Shrid\BNB26_Orvexa_Internal_Round\data\real_audio_E\LIBRI_003.wav,Authentic verified human context capture.,Natural spoken human recording.,COCO,,LibriSpeech,,AUTHENTIC,test
TL_AUTH_004,C:\Users\Shrid\BNB26_Orvexa_Internal_Round\data\poolE_real_images\COCO_000000000724.jpg,C:\Users\Shrid\BNB26_Orvexa_Internal_Round\data\real_audio_E\LIBRI_1272_128104_0000.wav,Authentic verified human context capture.,Natural spoken human recording.,COCO,,LibriSpeech,,AUTHENTIC,test
TL_AUTH_005,C:\Users\Shrid\BNB26_Orvexa_Internal_Round\data\poolE_real_images\COCO_000000000776.jpg,C:\Users\Shrid\BNB26_Orvexa_Internal_Round\data\real_audio_E\LIBRI_1272_128104_0001.wav,Authentic verified human context capture.,Natural spoken human recording.,COCO,,LibriSpeech,,AUTHENTIC,test
TL_AUTH_006,C:\Users\Shrid\BNB26_Orvexa_Internal_Round\data\poolE_real_images\COCO_000000000885.jpg,C:\Users\Shrid\BNB26_Orvexa_Internal_Round\data\real_audio_E\LIBRI_1272_128104_0002.wav,Authentic verified human context capture.,Natural spoken human recording.,COCO,,LibriSpeech,,AUTHENTIC,test
TL_AUTH_007,C:\Users\Shrid\BNB26_Orvexa_Internal_Round\data\poolE_real_images\COCO_000000001000.jpg,C:\Users\Shrid\BNB26_Orvexa_Internal_Round\data\real_audio_E\LIBRI_1272_128104_0003.wav,Authentic verified human context capture.,Natural spoken human recording.,COCO,,LibriSpeech,,AUTHENTIC,test
TL_AUTH_008,C:\Users\Shrid\BNB26_Orvexa_Internal_Round\data\poolE_real_images\COCO_000000001268.jpg,C:\Users\Shrid\BNB26_Orvexa_Internal_Round\data\real_audio_E\LIBRI_1272_128104_0004.wav,Authentic verified human context capture.,Natural spoken human recording.,COCO,,LibriSpeech,,AUTHENTIC,test
TL_AUTH_009,C:\Users\Shrid\BNB26_Orvexa_Internal_Round\data\poolE_real_images\COCO_000000001296.jpg,C:\Users\Shrid\BNB26_Orvexa_Internal_Round\data\real_audio_E\LIBRI_001.wav,Authentic verified human context capture.,Natural spoken human recording.,COCO,,LibriSpeech,,AUTHENTIC,test
TL_AUTH_010,C:\Users\Shrid\BNB26_Orvexa_Internal_Round\data\poolE_real_images\COCO_000000001353.jpg,C:\Users\Shrid\BNB26_Orvexa_Internal_Round\data\real_audio_E\LIBRI_002.wav,Authentic verified human context capture.,Natural spoken human recording.,COCO,,LibriSpeech,,AUTHENTIC,test
TL_IMG_FAKE_011,C:\Users\Shrid\BNB26_Orvexa_Internal_Round\data\generated\raw\img\sdturbo_COCO_000000000139.jpg,C:\Users\Shrid\BNB26_Orvexa_Internal_Round\data\real_audio_E\LIBRI_001.wav,Synthetic diffusion image with natural speech.,Natural spoken human recording.,generated,SD-Turbo,LibriSpeech,,IMAGE_MANIPULATED,test
TL_IMG_FAKE_012,C:\Users\Shrid\BNB26_Orvexa_Internal_Round\data\generated\raw\img\sdturbo_COCO_000000000285.jpg,C:\Users\Shrid\BNB26_Orvexa_Internal_Round\data\real_audio_E\LIBRI_002.wav,Synthetic diffusion image with natural speech.,Natural spoken human recording.,generated,SD-Turbo,LibriSpeech,,IMAGE_MANIPULATED,test
TL_IMG_FAKE_013,C:\Users\Shrid\BNB26_Orvexa_Internal_Round\data\generated\raw\img\sdturbo_COCO_000000000632.jpg,C:\Users\Shrid\BNB26_Orvexa_Internal_Round\data\real_audio_E\LIBRI_003.wav,Synthetic diffusion image with natural speech.,Natural spoken human recording.,generated,SD-Turbo,LibriSpeech,,IMAGE_MANIPULATED,test
TL_IMG_FAKE_014,C:\Users\Shrid\BNB26_Orvexa_Internal_Round\data\generated\raw\img\sdturbo_COCO_000000000139.jpg,C:\Users\Shrid\BNB26_Orvexa_Internal_Round\data\real_audio_E\LIBRI_1272_128104_0000.wav,Synthetic diffusion image with natural speech.,Natural spoken human recording.,generated,SD-Turbo,LibriSpeech,,IMAGE_MANIPULATED,test
TL_IMG_FAKE_015,C:\Users\Shrid\BNB26_Orvexa_Internal_Round\data\generated\raw\img\sdturbo_COCO_000000000285.jpg,C:\Users\Shrid\BNB26_Orvexa_Internal_Round\data\real_audio_E\LIBRI_1272_128104_0001.wav,Synthetic diffusion image with natural speech.,Natural spoken human recording.,generated,SD-Turbo,LibriSpeech,,IMAGE_MANIPULATED,test
TL_IMG_FAKE_016,C:\Users\Shrid\BNB26_Orvexa_Internal_Round\data\generated\raw\img\sdturbo_COCO_000000000632.jpg,C:\Users\Shrid\BNB26_Orvexa_Internal_Round\data\real_audio_E\LIBRI_1272_128104_0002.wav,Synthetic diffusion image with natural speech.,Natural spoken human recording.,generated,SD-Turbo,LibriSpeech,,IMAGE_MANIPULATED,test
TL_IMG_FAKE_017,C:\Users\Shrid\BNB26_Orvexa_Internal_Round\data\generated\raw\img\sdturbo_COCO_000000000139.jpg,C:\Users\Shrid\BNB26_Orvexa_Internal_Round\data\real_audio_E\LIBRI_1272_128104_0003.wav,Synthetic diffusion image with natural speech.,Natural spoken human recording.,generated,SD-Turbo,LibriSpeech,,IMAGE_MANIPULATED,test
TL_IMG_FAKE_018,C:\Users\Shrid\BNB26_Orvexa_Internal_Round\data\generated\raw\img\sdturbo_COCO_000000000285.jpg,C:\Users\Shrid\BNB26_Orvexa_Internal_Round\data\real_audio_E\LIBRI_1272_128104_0004.wav,Synthetic diffusion image with natural speech.,Natural spoken human recording.,generated,SD-Turbo,LibriSpeech,,IMAGE_MANIPULATED,test
TL_IMG_FAKE_019,C:\Users\Shrid\BNB26_Orvexa_Internal_Round\data\generated\raw\img\sdturbo_COCO_000000000632.jpg,C:\Users\Shrid\BNB26_Orvexa_Internal_Round\data\real_audio_E\LIBRI_001.wav,Synthetic diffusion image with natural speech.,Natural spoken human recording.,generated,SD-Turbo,LibriSpeech,,IMAGE_MANIPULATED,test
TL_IMG_FAKE_020,C:\Users\Shrid\BNB26_Orvexa_Internal_Round\data\generated\raw\img\sdturbo_COCO_000000000139.jpg,C:\Users\Shrid\BNB26_Orvexa_Internal_Round\data\real_audio_E\LIBRI_002.wav,Synthetic diffusion image with natural speech.,Natural spoken human recording.,generated,SD-Turbo,LibriSpeech,,IMAGE_MANIPULATED,test
TL_AUD_FAKE_021,C:\Users\Shrid\BNB26_Orvexa_Internal_Round\data\poolE_real_images\COCO_000000000139.jpg,C:\Users\Shrid\BNB26_Orvexa_Internal_Round\data\generated\raw\aud\edge_COCO_000000000139.wav,Authentic visual context paired with synthetic neural TTS.,Synthetic neural voice output.,COCO,,generated,edge-TTS,AUDIO_MANIPULATED,test
TL_AUD_FAKE_022,C:\Users\Shrid\BNB26_Orvexa_Internal_Round\data\poolE_real_images\COCO_000000000285.jpg,C:\Users\Shrid\BNB26_Orvexa_Internal_Round\data\generated\raw\aud\edge_COCO_000000000285.wav,Authentic visual context paired with synthetic neural TTS.,Synthetic neural voice output.,COCO,,generated,edge-TTS,AUDIO_MANIPULATED,test
TL_AUD_FAKE_023,C:\Users\Shrid\BNB26_Orvexa_Internal_Round\data\poolE_real_images\COCO_000000000632.jpg,C:\Users\Shrid\BNB26_Orvexa_Internal_Round\data\generated\raw\aud\edge_COCO_000000000632.wav,Authentic visual context paired with synthetic neural TTS.,Synthetic neural voice output.,COCO,,generated,edge-TTS,AUDIO_MANIPULATED,test
TL_AUD_FAKE_024,C:\Users\Shrid\BNB26_Orvexa_Internal_Round\data\poolE_real_images\COCO_000000000724.jpg,C:\Users\Shrid\BNB26_Orvexa_Internal_Round\data\generated\raw\aud\edge_COCO_000000000724.wav,Authentic visual context paired with synthetic neural TTS.,Synthetic neural voice output.,COCO,,generated,edge-TTS,AUDIO_MANIPULATED,test
TL_AUD_FAKE_025,C:\Users\Shrid\BNB26_Orvexa_Internal_Round\data\poolE_real_images\COCO_000000000776.jpg,C:\Users\Shrid\BNB26_Orvexa_Internal_Round\data\generated\raw\aud\edge_COCO_000000000776.wav,Authentic visual context paired with synthetic neural TTS.,Synthetic neural voice output.,COCO,,generated,edge-TTS,AUDIO_MANIPULATED,test
TL_AUD_FAKE_026,C:\Users\Shrid\BNB26_Orvexa_Internal_Round\data\poolE_real_images\COCO_000000000885.jpg,C:\Users\Shrid\BNB26_Orvexa_Internal_Round\data\generated\raw\aud\edge_COCO_000000000139.wav,Authentic visual context paired with synthetic neural TTS.,Synthetic neural voice output.,COCO,,generated,edge-TTS,AUDIO_MANIPULATED,test
TL_AUD_FAKE_027,C:\Users\Shrid\BNB26_Orvexa_Internal_Round\data\poolE_real_images\COCO_000000001000.jpg,C:\Users\Shrid\BNB26_Orvexa_Internal_Round\data\generated\raw\aud\edge_COCO_000000000285.wav,Authentic visual context paired with synthetic neural TTS.,Synthetic neural voice output.,COCO,,generated,edge-TTS,AUDIO_MANIPULATED,test
TL_AUD_FAKE_028,C:\Users\Shrid\BNB26_Orvexa_Internal_Round\data\poolE_real_images\COCO_000000001268.jpg,C:\Users\Shrid\BNB26_Orvexa_Internal_Round\data\generated\raw\aud\edge_COCO_000000000632.wav,Authentic visual context paired with synthetic neural TTS.,Synthetic neural voice output.,COCO,,generated,edge-TTS,AUDIO_MANIPULATED,test
TL_AUD_FAKE_029,C:\Users\Shrid\BNB26_Orvexa_Internal_Round\data\poolE_real_images\COCO_000000001296.jpg,C:\Users\Shrid\BNB26_Orvexa_Internal_Round\data\generated\raw\aud\edge_COCO_000000000724.wav,Authentic visual context paired with synthetic neural TTS.,Synthetic neural voice output.,COCO,,generated,edge-TTS,AUDIO_MANIPULATED,test
TL_AUD_FAKE_030,C:\Users\Shrid\BNB26_Orvexa_Internal_Round\data\poolE_real_images\COCO_000000001353.jpg,C:\Users\Shrid\BNB26_Orvexa_Internal_Round\data\generated\raw\aud\edge_COCO_000000000776.wav,Authentic visual context paired with synthetic neural TTS.,Synthetic neural voice output.,COCO,,generated,edge-TTS,AUDIO_MANIPULATED,test
TL_FULL_FAKE_031,C:\Users\Shrid\BNB26_Orvexa_Internal_Round\data\generated\raw\img\sdturbo_COCO_000000000139.jpg,C:\Users\Shrid\BNB26_Orvexa_Internal_Round\data\generated\raw\aud\edge_COCO_000000000139.wav,Complete synthetic multimodal artifact.,Synthetic neural voice output.,generated,SD-Turbo,generated,edge-TTS,MULTIMODAL_SYNTHETIC,test
TL_FULL_FAKE_032,C:\Users\Shrid\BNB26_Orvexa_Internal_Round\data\generated\raw\img\sdturbo_COCO_000000000285.jpg,C:\Users\Shrid\BNB26_Orvexa_Internal_Round\data\generated\raw\aud\edge_COCO_000000000285.wav,Complete synthetic multimodal artifact.,Synthetic neural voice output.,generated,SD-Turbo,generated,edge-TTS,MULTIMODAL_SYNTHETIC,test
TL_FULL_FAKE_033,C:\Users\Shrid\BNB26_Orvexa_Internal_Round\data\generated\raw\img\sdturbo_COCO_000000000632.jpg,C:\Users\Shrid\BNB26_Orvexa_Internal_Round\data\generated\raw\aud\edge_COCO_000000000632.wav,Complete synthetic multimodal artifact.,Synthetic neural voice output.,generated,SD-Turbo,generated,edge-TTS,MULTIMODAL_SYNTHETIC,test
TL_FULL_FAKE_034,C:\Users\Shrid\BNB26_Orvexa_Internal_Round\data\generated\raw\img\sdturbo_COCO_000000000139.jpg,C:\Users\Shrid\BNB26_Orvexa_Internal_Round\data\generated\raw\aud\edge_COCO_000000000724.wav,Complete synthetic multimodal artifact.,Synthetic neural voice output.,generated,SD-Turbo,generated,edge-TTS,MULTIMODAL_SYNTHETIC,test
TL_FULL_FAKE_035,C:\Users\Shrid\BNB26_Orvexa_Internal_Round\data\generated\raw\img\sdturbo_COCO_000000000285.jpg,C:\Users\Shrid\BNB26_Orvexa_Internal_Round\data\generated\raw\aud\edge_COCO_000000000776.wav,Complete synthetic multimodal artifact.,Synthetic neural voice output.,generated,SD-Turbo,generated,edge-TTS,MULTIMODAL_SYNTHETIC,test
TL_FULL_FAKE_036,C:\Users\Shrid\BNB26_Orvexa_Internal_Round\data\generated\raw\img\sdturbo_COCO_000000000632.jpg,C:\Users\Shrid\BNB26_Orvexa_Internal_Round\data\generated\raw\aud\edge_COCO_000000000139.wav,Complete synthetic multimodal artifact.,Synthetic neural voice output.,generated,SD-Turbo,generated,edge-TTS,MULTIMODAL_SYNTHETIC,test
TL_FULL_FAKE_037,C:\Users\Shrid\BNB26_Orvexa_Internal_Round\data\generated\raw\img\sdturbo_COCO_000000000139.jpg,C:\Users\Shrid\BNB26_Orvexa_Internal_Round\data\generated\raw\aud\edge_COCO_000000000285.wav,Complete synthetic multimodal artifact.,Synthetic neural voice output.,generated,SD-Turbo,generated,edge-TTS,MULTIMODAL_SYNTHETIC,test
TL_FULL_FAKE_038,C:\Users\Shrid\BNB26_Orvexa_Internal_Round\data\generated\raw\img\sdturbo_COCO_000000000285.jpg,C:\Users\Shrid\BNB26_Orvexa_Internal_Round\data\generated\raw\aud\edge_COCO_000000000632.wav,Complete synthetic multimodal artifact.,Synthetic neural voice output.,generated,SD-Turbo,generated,edge-TTS,MULTIMODAL_SYNTHETIC,test
TL_FULL_FAKE_039,C:\Users\Shrid\BNB26_Orvexa_Internal_Round\data\generated\raw\img\sdturbo_COCO_000000000632.jpg,C:\Users\Shrid\BNB26_Orvexa_Internal_Round\data\generated\raw\aud\edge_COCO_000000000724.wav,Complete synthetic multimodal artifact.,Synthetic neural voice output.,generated,SD-Turbo,generated,edge-TTS,MULTIMODAL_SYNTHETIC,test
TL_FULL_FAKE_040,C:\Users\Shrid\BNB26_Orvexa_Internal_Round\data\generated\raw\img\sdturbo_COCO_000000000139.jpg,C:\Users\Shrid\BNB26_Orvexa_Internal_Round\data\generated\raw\aud\edge_COCO_000000000776.wav,Complete synthetic multimodal artifact.,Synthetic neural voice output.,generated,SD-Turbo,generated,edge-TTS,MULTIMODAL_SYNTHETIC,test
